Summary,Issue key,Issue id,Issue Type,Status,Project key,Project name,Project type,Project lead,Project lead id,Project description,Priority,Resolution,Assignee,Assignee Id,Reporter,Reporter Id,Creator,Creator Id,Created,Updated,Last Viewed,Resolved,Due date,Votes,Description,Environment,Watchers,Watchers Id,Original estimate,Remaining Estimate,Time Spent,Work Ratio,Σ Original Estimate,Σ Remaining Estimate,Σ Time Spent,Security Level,Inward issue link (Relates),Outward issue link (Relates),Attachment,Custom field (Actual end),Custom field (Actual start),Custom field (Approvals),Custom field (Change reason),Custom field (Change risk),Custom field (Change type),Custom field (Development),Custom field (Epic Color),Custom field (Epic Name),Custom field (Epic Status),Custom field (Focus Areas),Custom field (Goals),Custom field (Impact),Custom field (Issue color),Custom field (Locked forms),Custom field (Open forms),Custom field (Project overview key),Custom field (Project overview status),Custom field (Rank),Custom field (Request Type),Custom field (Sentiment),Sprint,Custom field (Start date),Custom field (Story Points),Custom field (Story point estimate),Custom field (Submitted forms),Custom field (Target end),Custom field (Target start),Custom field (Team),Custom field (Total forms),Custom field (Vulnerability),Custom field (Vulnerability),Custom field ([CHART] Date of First Response),Custom field ([CHART] Time in Status),Status Category,Status Category Changed
Form elements must have labels,WEB-9,10059,Bug,In Progress,WEB,WebShopAccessibilityTesting,software,Dipali,712020:f827cec2-ab15-4502-a759-92db2eb7fe92,,Medium,,Q2,60b7d78793e3f500717569a9,Dipali,712020:f827cec2-ab15-4502-a759-92db2eb7fe92,Dipali,712020:f827cec2-ab15-4502-a759-92db2eb7fe92,15/Sep/25 3:01 AM,15/Sep/25 4:34 AM,,,17/Sep/25 12:00 AM,0,,,Dipali,712020:f827cec2-ab15-4502-a759-92db2eb7fe92,,,,,,,,,WEB-5,,15/Sep/25 2:58 AM;0fc02fd5-441b-4bf5-a5ca-57afaaad929a;page_bug.PNG;https://dipali.atlassian.net/rest/api/3/attachment/content/10039,,,com.atlassian.servicedesk.plugins.approvals.internal.customfield.ApprovalsCFValue@59b680c5,,,,,,,,,,,,,,,,0|i00041:,,,WEB Sprint 1,15/Sep/25 12:00 AM,,,,,,,,,,,,In Progress,15/Sep/25 4:34 AM
Images must have alternative text,WEB-8,10058,Bug,In Progress,WEB,WebShopAccessibilityTesting,software,Dipali,712020:f827cec2-ab15-4502-a759-92db2eb7fe92,,Medium,,d1,60387f90d3fc7c00681ddae6,Dipali,712020:f827cec2-ab15-4502-a759-92db2eb7fe92,Dipali,712020:f827cec2-ab15-4502-a759-92db2eb7fe92,15/Sep/25 2:48 AM,15/Sep/25 4:34 AM,,,16/Sep/25 12:00 AM,0,,,Dipali,712020:f827cec2-ab15-4502-a759-92db2eb7fe92,,,,,,,,,WEB-4,,15/Sep/25 2:47 AM;0fc02fd5-441b-4bf5-a5ca-57afaaad929a;image_bug.PNG;https://dipali.atlassian.net/rest/api/3/attachment/content/10037,,,com.atlassian.servicedesk.plugins.approvals.internal.customfield.ApprovalsCFValue@2b35aad6,,,,,,,,,,,,,,,,0|i00043:,,,WEB Sprint 1,15/Sep/25 12:00 AM,,,,,,,,,,,,In Progress,15/Sep/25 4:34 AM
This is a bug with respect to test links,WEB-7,10057,Bug,In Progress,WEB,WebShopAccessibilityTesting,software,Dipali,712020:f827cec2-ab15-4502-a759-92db2eb7fe92,,Medium,,q1,610aac84ae72b2006f655898,Dipali,712020:f827cec2-ab15-4502-a759-92db2eb7fe92,Dipali,712020:f827cec2-ab15-4502-a759-92db2eb7fe92,15/Sep/25 2:43 AM,15/Sep/25 4:34 AM,,,16/Sep/25 12:00 AM,0,,,Dipali,712020:f827cec2-ab15-4502-a759-92db2eb7fe92,,,,,,,,,WEB-2,,,,,com.atlassian.servicedesk.plugins.approvals.internal.customfield.ApprovalsCFValue@74177f83,,,,,,,,,,,,,,,,0|i00047:,,,WEB Sprint 1,15/Sep/25 12:00 AM,,,,,,,,,,,,In Progress,15/Sep/25 4:34 AM
Test Login,WEB-6,10056,Story,In Progress,WEB,WebShopAccessibilityTesting,software,Dipali,712020:f827cec2-ab15-4502-a759-92db2eb7fe92,,Medium,,a1 a1,557058:31a163ae-e3fb-4c6c-bcd7-101bdb89effe,Dipali,712020:f827cec2-ab15-4502-a759-92db2eb7fe92,Dipali,712020:f827cec2-ab15-4502-a759-92db2eb7fe92,14/Sep/25 11:59 PM,15/Sep/25 4:34 AM,15/Sep/25 12:09 AM,,29/Sep/25 12:00 AM,0,This is to test the login functionality of the web shopping site.,,Dipali,712020:f827cec2-ab15-4502-a759-92db2eb7fe92,,,,,,,,,,,,,,com.atlassian.servicedesk.plugins.approvals.internal.customfield.ApprovalsCFValue@16121ee3,,,,,,,,,,,,,,,,0|i0003z:,,,WEB Sprint 1,14/Sep/25 12:00 AM,,,,,,,,,,,,In Progress,15/Sep/25 4:34 AM
Test Page,WEB-5,10055,Story,Done,WEB,WebShopAccessibilityTesting,software,Dipali,712020:f827cec2-ab15-4502-a759-92db2eb7fe92,,Medium,Done,a1 a1,557058:31a163ae-e3fb-4c6c-bcd7-101bdb89effe,Dipali,712020:f827cec2-ab15-4502-a759-92db2eb7fe92,Dipali,712020:f827cec2-ab15-4502-a759-92db2eb7fe92,14/Sep/25 11:58 PM,15/Sep/25 4:34 AM,15/Sep/25 12:07 AM,15/Sep/25 4:34 AM,24/Sep/25 12:00 AM,0,This is to test the pages on Web Shopping Site.,,Dipali,712020:f827cec2-ab15-4502-a759-92db2eb7fe92,,,,,,,,,,WEB-9,,,,com.atlassian.servicedesk.plugins.approvals.internal.customfield.ApprovalsCFValue@3ee68b48,,,,,,,,,,,,,,,,0|i0003r:,,,WEB Sprint 1,17/Sep/25 12:00 AM,,,,,,,,,,,10008_*:*_1_*:*_0_*|*_10007_*:*_1_*:*_16573683,Done,15/Sep/25 4:34 AM
Test Images,WEB-4,10054,Story,Done,WEB,WebShopAccessibilityTesting,software,Dipali,712020:f827cec2-ab15-4502-a759-92db2eb7fe92,,Medium,Done,a1 a1,557058:31a163ae-e3fb-4c6c-bcd7-101bdb89effe,Dipali,712020:f827cec2-ab15-4502-a759-92db2eb7fe92,Dipali,712020:f827cec2-ab15-4502-a759-92db2eb7fe92,14/Sep/25 11:57 PM,15/Sep/25 4:34 AM,15/Sep/25 12:05 AM,15/Sep/25 4:34 AM,22/Sep/25 12:00 AM,0,This is to test the images on web shopping site.,,Dipali,712020:f827cec2-ab15-4502-a759-92db2eb7fe92,,,,,,,,,,WEB-8,,,,com.atlassian.servicedesk.plugins.approvals.internal.customfield.ApprovalsCFValue@2a8ebe61,,,,,,,,,,,,,,,,0|i0003j:,,,WEB Sprint 1,14/Sep/25 12:00 AM,,,,,,,,,,,10008_*:*_1_*:*_0_*|*_10007_*:*_1_*:*_16618573,Done,15/Sep/25 4:34 AM
Test Buttons,WEB-3,10053,Story,Done,WEB,WebShopAccessibilityTesting,software,Dipali,712020:f827cec2-ab15-4502-a759-92db2eb7fe92,,Medium,Done,a1 a1,557058:31a163ae-e3fb-4c6c-bcd7-101bdb89effe,Dipali,712020:f827cec2-ab15-4502-a759-92db2eb7fe92,Dipali,712020:f827cec2-ab15-4502-a759-92db2eb7fe92,14/Sep/25 11:56 PM,15/Sep/25 4:34 AM,15/Sep/25 12:04 AM,15/Sep/25 4:34 AM,19/Sep/25 12:00 AM,0,This is to test the functionality of buttons on Web Shop.,,Dipali,712020:f827cec2-ab15-4502-a759-92db2eb7fe92,,,,,,,,,,,,,,com.atlassian.servicedesk.plugins.approvals.internal.customfield.ApprovalsCFValue@a13cf38,,,,,,,,,,,,,,,,0|i0003n:,,,WEB Sprint 1,14/Sep/25 12:00 AM,,,,,,,,,,,10008_*:*_1_*:*_0_*|*_10007_*:*_1_*:*_16665438,Done,15/Sep/25 4:34 AM
Test Links,WEB-2,10052,Story,Done,WEB,WebShopAccessibilityTesting,software,Dipali,712020:f827cec2-ab15-4502-a759-92db2eb7fe92,,Medium,Done,a1 a1,557058:31a163ae-e3fb-4c6c-bcd7-101bdb89effe,Dipali,712020:f827cec2-ab15-4502-a759-92db2eb7fe92,Dipali,712020:f827cec2-ab15-4502-a759-92db2eb7fe92,14/Sep/25 11:56 PM,15/Sep/25 4:34 AM,15/Sep/25 12:00 AM,15/Sep/25 4:34 AM,17/Sep/25 12:00 AM,0,This is to test the URL Links of the Web Shopping Site.,,Dipali,712020:f827cec2-ab15-4502-a759-92db2eb7fe92,,,,,,,,,,WEB-7,,,,com.atlassian.servicedesk.plugins.approvals.internal.customfield.ApprovalsCFValue@606906b9,,,,,,,,,,,,,,,,0|i0003v:,,,WEB Sprint 1,14/Sep/25 12:00 AM,,,,,,,,,,,10007_*:*_1_*:*_6801575_*|*_3_*:*_1_*:*_0,Done,15/Sep/25 4:34 AM
Security testing,WEB-1,10051,Epic,To Do,WEB,WebShopAccessibilityTesting,software,Dipali,712020:f827cec2-ab15-4502-a759-92db2eb7fe92,,Medium,,,,Dipali,712020:f827cec2-ab15-4502-a759-92db2eb7fe92,Dipali,712020:f827cec2-ab15-4502-a759-92db2eb7fe92,14/Sep/25 11:47 PM,14/Sep/25 11:54 PM,14/Sep/25 11:54 PM,,07/Nov/25 12:00 AM,0,This is security testing of Web App Shopping.,,Dipali,712020:f827cec2-ab15-4502-a759-92db2eb7fe92,,,,,,,,,,,,,,com.atlassian.servicedesk.plugins.approvals.internal.customfield.ApprovalsCFValue@452228a,,,,,ghx-label-10,,To Do,,,,blue,,,,,0|i0002v:,,,,14/Sep/25 12:00 AM,,,,,,,,,,,,To Do,14/Sep/25 11:47 PM
